{"cameraMode":{"drawMode":0,"name":"Shaded","section":"Shading Mode"},"sceneLighting":true,"audioPlay":false,"sceneViewState":{"m_AlwaysRefresh":false,"showFog":true,"showSkybox":true,"showFlares":true,"showImageEffects":true,"showParticleSystems":true,"showVisualEffectGraphs":true,"m_FxEnabled":true},"in2DMode":false,"pivot":{"x":-33.78353500366211,"y":-163.42437744140626,"z":-49.05319595336914},"rotation":{"x":-0.007560031488537788,"y":0.7326245903968811,"z":-0.6805965900421143,"w":-0.008136545307934285},"size":263.77288818359377,"orthographic":false}